<?xml version="1.0"?>
<doc>
    <assembly>
        "SCCISharp"
    </assembly>
    <members>
        <member name="E:SCCISharp.SoundChip.OnSetRegister">
            <summary>
儗僕僗僞偵僨乕僞彂偒崬傑傟偨偲偒偵敪惗偟傑偡丅
</summary>
        </member>
        <member name="M:SCCISharp.SoundChip.Initialize">
            <summary>
僠僢僾傪弶婜壔偟傑偡丅
</summary>
            <returns>弶婜壔偵惉岟偟偨偲偒 true丄偦傟埲奜偺偲偒 false丅</returns>
        </member>
        <member name="M:SCCISharp.SoundChip.GetRegister(System.Int32)">
            <summary>
僠僢僾偺巜掕偟偨傾僪儗僗偺僨乕僞傪撉傒庢傝傑偡丅
</summary>
            <param name="address">儗僕僗僞偺傾僪儗僗傪昞偡 0 埲忋偺悢抣丅</param>
            <returns>撉傒庢傜傟偨儗僕僗僞偺僨乕僞抣丅</returns>
        </member>
        <member name="M:SCCISharp.SoundChip.SetRegister(System.Int32,System.Int32)">
            <summary>
僠僢僾偺巜掕偟偨傾僪儗僗偵僨乕僞傪彂偒崬傒傑偡丅
</summary>
            <param name="address">儗僕僗僞偺傾僪儗僗傪昞偡 0 埲忋偺悢抣丅</param>
            <param name="data">彂偒崬傑傟傞僨乕僞丅</param>
            <returns>彂偒崬傒偵惉岟偟偨偲偒 true丄偦傟埲奜偺偲偒 false丅</returns>
        </member>
        <member name="M:SCCISharp.SoundChip.GetInfo">
            <summary>
僠僢僾偺尰嵼偺忬懺傪奿擺偟偨 <see cref="T:SCCISharp.SoundChipInfo" /> 僆僽僕僃僋僩傪庢摼偟傑偡丅
</summary>
            <returns>
                <see cref="T:SCCISharp.SoundChipInfo" /> 僆僽僕僃僋僩丅</returns>
        </member>
        <member name="P:SCCISharp.SoundChip.Pointer">
            <summary>
偙偺僆僽僕僃僋僩偵妱傝摉偰傜傟偰偄傞億僀儞僞偺抣傪庢摼偟傑偡丅
</summary>
            <value>妱傝摉偰傜傟偰偄傞億僀儞僞偺抣丅</value>
        </member>
        <member name="P:SCCISharp.SoundChip.IsDisposed">
            <summary>
僆僽僕僃僋僩偑夝曻偝傟偨偐傪昞偡恀婾抣傪庢摼偟傑偡丅
</summary>
            <value>夝曻偝傟偰偄傞偲偒 true丄偦傟埲奜偺偲偒 false丅</value>
        </member>
        <member name="P:SCCISharp.SoundChip.Clock">
            <summary>
僠僢僾偺僋儘僢僋廃攇悢 (Hz) 傪庢摼偟傑偡丅
</summary>
            <value>僋儘僢僋廃攇悢 (Hz)丅</value>
        </member>
        <member name="P:SCCISharp.SoundChip.Type">
            <summary>
僠僢僾偺庬椶傪昞偡 <see cref="T:SCCISharp.ChipType" /> 偺抣傪庢摼偟傑偡丅
</summary>
            <value>僠僢僾偺庬椶傪昞偡 <see cref="T:SCCISharp.ChipType" /> 偺抣丅</value>
        </member>
        <member name="T:SCCISharp.SoundChip">
            <summary>
僠僢僾偺婡擻傪僇僾僙儖壔偟偨僋儔僗偱偡丅
</summary>
        </member>
        <member name="M:SCCISharp.SetRegisterEventArgs.#ctor(System.Int32,System.Int32)">
            <summary>
傾僪儗僗偲僨乕僞傪巊偭偰 <see cref="T:SCCISharp.SetRegisterEventArgs" /> 僋儔僗偺僀儞僗僞儞僗傪弶婜壔偟傑偟偨丅
</summary>
            <param name="address">儗僕僗僞偺傾僪儗僗傪昞偡 0 埲忋偺悢抣丅</param>
            <param name="data">彂偒崬傑傟傞僨乕僞丅</param>
        </member>
        <member name="P:SCCISharp.SetRegisterEventArgs.Data">
            <summary>
儗僕僗僞偵彂偒崬傑傟傞僨乕僞偺抣傪庢摼偟傑偡丅
</summary>
            <value>儗僕僗僞偵彂偒崬傑傟傞僨乕僞偺抣丅</value>
        </member>
        <member name="P:SCCISharp.SetRegisterEventArgs.Address">
            <summary>
儗僕僗僞偺傾僪儗僗傪昞偡惍悢抣傪庢摼偟傑偡丅
</summary>
            <value>儗僕僗僞偺傾僪儗僗傪昞偡 0 埲忋偺惍悢抣丅</value>
        </member>
        <member name="T:SCCISharp.SetRegisterEventArgs">
            <summary>
儗僕僗僞偵僨乕僞彂偒崬傑傟偨偲偒偵敪惗偡傞僀儀儞僩僴儞僪儔偺堷悢傪奿擺偟傑偡丅
</summary>
        </member>
        <member name="M:SCCISharp.SoundInterface.GetSoundChip(System.Int32)">
            <summary>
僀儞僞僼僃乕僗偵愙懕偝傟偰偄傞僠僢僾傪昞偡 <see cref="T:SCCISharp.SoundChip" /> 僆僽僕僃僋僩傪庢摼偟傑偡丅
</summary>
            <param name="number">僠僢僾偺斣崋丅</param>
            <returns>
                <see cref="T:SCCISharp.SoundChip" /> 僆僽僕僃僋僩丅</returns>
        </member>
        <member name="M:SCCISharp.SoundInterface.Initialize">
            <summary>
僀儞僞僼僃乕僗傪弶婜壔偟傑偡丅
</summary>
            <returns>弶婜壔偵惉岟偟偨偲偒 true丄偦傟埲奜偺偲偒 false丅</returns>
        </member>
        <member name="M:SCCISharp.SoundInterface.Reset">
            <summary>
僀儞僞僼僃乕僗傪儕僙僢僩偟傑偡丅
</summary>
            <returns>儕僙僢僩偵惉岟偟偨偲偒 true丄偦傟埲奜偺偲偒 false丅</returns>
        </member>
        <member name="M:SCCISharp.SoundInterface.ReceiveData(System.Byte[],System.Int32,System.Int32)">
            <summary>
僀儞僞僼僃乕僗偐傜僨乕僞傪庴怣偟丄攝楍偵奿擺偟傑偡丅
</summary>
            <param name="data">庴怣偝傟傞僶僀僩楍傪奿擺偡傞 <see cref="T:System.Byte" /> 偺攝楍丅</param>
            <param name="offset">奿擺偑奐巒偝傟傞攝楍偺僆僼僙僢僩抣丅</param>
            <param name="length">庴怣偝傟傞僶僀僩楍偺挿偝丅</param>
            <returns>庴怣偵惉岟偟丄攝楍偵奿擺偝傟偨僶僀僩楍偺挿偝丅</returns>
        </member>
        <member name="M:SCCISharp.SoundInterface.SendData(System.Byte[],System.Int32,System.Int32)">
            <summary>
巜掕偝傟偨攝楍傪僀儞僞僼僃乕僗偵憲怣偟傑偡丅
</summary>
            <param name="data">憲怣偝傟傞僶僀僩楍偑奿擺偝傟偨 <see cref="T:System.Byte" /> 偺攝楍丅</param>
            <param name="offset">憲怣偑奐巒偝傟傞攝楍偺僆僼僙僢僩抣丅</param>
            <param name="length">憲怣偝傟傞僶僀僩楍偺挿偝丅</param>
            <returns>憲怣偵惉岟偟偨偲偒 true丄偦傟埲奜偺偲偒 false丅</returns>
        </member>
        <member name="P:SCCISharp.SoundInterface.Pointer">
            <summary>
偙偺僆僽僕僃僋僩偵妱傝摉偰傜傟偰偄傞億僀儞僞偺抣傪庢摼偟傑偡丅
</summary>
            <value>妱傝摉偰傜傟偰偄傞億僀儞僞偺抣丅</value>
        </member>
        <member name="P:SCCISharp.SoundInterface.IsDisposed">
            <summary>
僆僽僕僃僋僩偑夝曻偝傟偨偐傪昞偡恀婾抣傪庢摼偟傑偡丅
</summary>
            <value>夝曻偝傟偰偄傞偲偒 true丄偦傟埲奜偺偲偒 false丅</value>
        </member>
        <member name="P:SCCISharp.SoundInterface.SoundChipCount">
            <summary>
僀儞僞僼僃乕僗偵愙懕偝傟偰偄傞僠僢僾偺憤悢傪庢摼偟傑偡丅
</summary>
            <value>僠僢僾偺憤悢傪昞偡 0 埲忋偺悢抣丅</value>
        </member>
        <member name="P:SCCISharp.SoundInterface.Delay">
            <summary>
僨傿儗僀帪娫 (ms) 傪庢摼傑偨偼愝掕偟傑偡丅
</summary>
            <value>僨傿儗僀帪娫傪昞偡 0 埲忋偺悢抣丅</value>
        </member>
        <member name="P:SCCISharp.SoundInterface.IsSupportingLowLevelApi">
            <summary>
偙偺僀儞僞僼僃乕僗偑掅儗儀儖 API 傪僒億乕僩偟偰偄傞偐偺恀婾抣傪庢摼偟傑偡丅
</summary>
            <value>掕椺儗儀儖 API 偑僒億乕僩偝傟偰偄傞偲偒 true丄偦傟埲奜偺偲偒 false丅</value>
        </member>
        <member name="T:SCCISharp.SoundInterface">
            <summary>
僀儞僞僼僃乕僗偺婡擻傪僇僾僙儖壔偟偨僋儔僗偱偡丅
</summary>
        </member>
        <member name="M:SCCISharp.SoundInterfaceManager.GetInstance">
            <summary>
扨堦偺 <see cref="T:SCCISharp.SoundInterfaceManager" /> 僋儔僗偺僀儞僗僞儞僗傪庢摼偟傑偡丅
</summary>
            <returns>
                <see cref="T:SCCISharp.SoundInterfaceManager" /> 僆僽僕僃僋僩丅</returns>
        </member>
        <member name="M:SCCISharp.SoundInterfaceManager.SetAcquisitionModeClockRange(System.Int32)">
            <summary>
僠僢僾偺庢摼儌乕僪偑 <see cref="F:SCCISharp.AcquisitionMode.Match" /> 偱偁偭偨偲偒偵
嫋梕偝傟傞僋儘僢僋廃攇悢 (Hz) 偺暆傪巜掕偟傑偡丅
</summary>
            <param name="clock">嫋梕偝傟傞僋儘僢僋廃攇悢 (Hz) 偺暆丅</param>
        </member>
        <member name="M:SCCISharp.SoundInterfaceManager.SetAcquisitionMode(SCCISharp.AcquisitionMode)">
            <summary>
僠僢僾偺庢摼儌乕僪傪巜掕偟傑偡丅
</summary>
            <param name="mode">庢摼儌乕僪傪昞偡 <see cref="T:SCCISharp.AcquisitionMode" /> 偺抣丅</param>
        </member>
        <member name="M:SCCISharp.SoundInterfaceManager.ClearBuffer">
            <summary>
僶僢僼傽傪僋儕傾偟傑偡丅
</summary>
        </member>
        <member name="M:SCCISharp.SoundInterfaceManager.FlushData">
            <summary>
僶僢僼傽撪偺僨乕僞傪懄帪偵憲怣偟傑偡丅
</summary>
        </member>
        <member name="M:SCCISharp.SoundInterfaceManager.SetMode(SCCISharp.CommunicationMode)">
            <summary>
僀儞僞僼僃乕僗偲偺捠怣儌乕僪傪愝掕偟傑偡丅
</summary>
            <param name="mode">捠怣儌乕僪傪昞偡 <see cref="T:SCCISharp.CommunicationMode" /> 偺抣丅</param>
        </member>
        <member name="M:SCCISharp.SoundInterfaceManager.Initialize">
            <summary>
僀儞僞僼僃乕僗儅僱乕僕儍傪弶婜壔偟傑偡丅
</summary>
            <returns>弶婜壔偵惉岟偟偨偲偒 true丄偦傟埲奜偺偲偒 false丅</returns>
        </member>
        <member name="M:SCCISharp.SoundInterfaceManager.Reset">
            <summary>
僀儞僞僼僃乕僗儅僱乕僕儍傪儕僙僢僩偟傑偡丅
</summary>
            <returns>儕僙僢僩偵惉岟偟偨偲偒 true丄偦傟埲奜偺偲偒 false丅</returns>
        </member>
        <member name="M:SCCISharp.SoundInterfaceManager.CloseLevelDisplay">
            <summary>
儗儀儖僨傿僗僾儗僀傪暵偠傑偡丅
</summary>
        </member>
        <member name="M:SCCISharp.SoundInterfaceManager.ShowLevelDisplay">
            <summary>
儗儀儖僨傿僗僾儗僀傪昞帵偟傑偡丅
</summary>
        </member>
        <member name="M:SCCISharp.SoundInterfaceManager.ReleaseAllSoundChips">
            <summary>
慡偰偺僠僢僾偺儕僜乕僗傪夝曻偟傑偡丅
</summary>
            <returns>夝曻偵惉岟偟偨偲偒 true丄偦傟埲奜偺偲偒 false丅</returns>
        </member>
        <member name="M:SCCISharp.SoundInterfaceManager.TryGetSoundChip(SCCISharp.SoundChip@,SCCISharp.ChipType,System.Double)">
            <summary>
巜掕偝傟偨僠僢僾傪昞偡 <see cref="T:SCCISharp.SoundChip" /> 僆僽僕僃僋僩傪庢摼偟丄
庢摼偵惉岟偟偨偐偺恀婾抣傪曉媝偟傑偡丅
</summary>
            <param name="soundChip">僠僢僾傪昞偡 <see cref="T:SCCISharp.SoundChip" /> 僆僽僕僃僋僩丅偙偺僷儔儊乕僞偼嶲徠搉偟偝傟傑偡丅</param>
            <param name="soundChipType">僠僢僾偺庬椶傪昞偡 <see cref="T:SCCISharp.ChipType" /> 偺抣丅</param>
            <param name="clockMhz">僠僢僾偺僋儘僢僋廃攇悢 (MHz)丅</param>
            <returns>庢摼偵惉岟偟偨偲偒 true丄偦傟埲奜偺偲偒 false丅</returns>
        </member>
        <member name="M:SCCISharp.SoundInterfaceManager.TryGetSoundChip(SCCISharp.SoundChip@,SCCISharp.ChipType,System.Int32)">
            <summary>
巜掕偝傟偨僠僢僾傪昞偡 <see cref="T:SCCISharp.SoundChip" /> 僆僽僕僃僋僩傪庢摼偟丄
庢摼偵惉岟偟偨偐偺恀婾抣傪曉媝偟傑偡丅
</summary>
            <param name="soundChip">僠僢僾傪昞偡 <see cref="T:SCCISharp.SoundChip" /> 僆僽僕僃僋僩丅偙偺僷儔儊乕僞偼嶲徠搉偟偝傟傑偡丅</param>
            <param name="soundChipType">僠僢僾偺庬椶傪昞偡 <see cref="T:SCCISharp.ChipType" /> 偺抣丅</param>
            <param name="clock">僠僢僾偺僋儘僢僋廃攇悢 (Hz)丅</param>
            <returns>庢摼偵惉岟偟偨偲偒 true丄偦傟埲奜偺偲偒 false丅</returns>
        </member>
        <member name="M:SCCISharp.SoundInterfaceManager.GetSoundChip(SCCISharp.ChipType,System.Double)">
            <summary>
巜掕偝傟偨僠僢僾傪昞偡 <see cref="T:SCCISharp.SoundChip" /> 僆僽僕僃僋僩傪庢摼偟傑偡丅
</summary>
            <param name="soundChipType">僠僢僾偺庬椶傪昞偡 <see cref="T:SCCISharp.ChipType" /> 偺抣丅</param>
            <param name="clockMhz">僠僢僾偺僋儘僢僋廃攇悢 (MHz)丅</param>
            <returns>
                <see cref="T:SCCISharp.SoundChip" /> 僆僽僕僃僋僩丅</returns>
        </member>
        <member name="M:SCCISharp.SoundInterfaceManager.GetSoundChip(SCCISharp.ChipType,System.Int32)">
            <summary>
巜掕偝傟偨僠僢僾傪昞偡 <see cref="T:SCCISharp.SoundChip" /> 僆僽僕僃僋僩傪庢摼偟傑偡丅
</summary>
            <param name="soundChipType">僠僢僾偺庬椶傪昞偡 <see cref="T:SCCISharp.ChipType" /> 偺抣丅</param>
            <param name="clock">僠僢僾偺僋儘僢僋廃攇悢 (Hz)丅</param>
            <returns>
                <see cref="T:SCCISharp.SoundChip" /> 僆僽僕僃僋僩丅</returns>
        </member>
        <member name="M:SCCISharp.SoundInterfaceManager.ReleaseAllInterfaces">
            <summary>
慡偰偺僀儞僞僼僃乕僗偺儕僜乕僗傪夝曻偟傑偡丅
</summary>
            <returns>夝曻偵惉岟偟偨偲偒 true丄偦傟埲奜偺偲偒 false丅</returns>
        </member>
        <member name="M:SCCISharp.SoundInterfaceManager.GetInterface(System.Int32)">
            <summary>
巜掕偝傟偨僀儞僞僼僃乕僗傪昞偡 <see cref="T:SCCISharp.SoundInterface" /> 僆僽僕僃僋僩傪庢摼偟傑偡丅
</summary>
            <param name="interfaceNumber">僀儞僞僼僃乕僗偺斣崋丅</param>
            <returns>
                <see cref="T:SCCISharp.SoundInterface" /> 僆僽僕僃僋僩丅</returns>
        </member>
        <member name="M:SCCISharp.SoundInterfaceManager.GetInterfaceInfo(System.Int32)">
            <summary>
巜掕偝傟偨僀儞僞僼僃乕僗偺忬懺傪奿擺偟偨 <see cref="T:SCCISharp.InterfaceInfo" /> 僆僽僕僃僋僩傪庢摼偟傑偡丅
</summary>
            <param name="interfaceNumber">僀儞僞僼僃乕僗偺斣崋丅</param>
            <returns>
                <see cref="T:SCCISharp.InterfaceInfo" /> 僆僽僕僃僋僩丅</returns>
        </member>
        <member name="P:SCCISharp.SoundInterfaceManager.IsDisposed">
            <summary>
僆僽僕僃僋僩偑夝曻偝傟偨偐傪昞偡恀婾抣傪庢摼偟傑偡丅
</summary>
            <value>夝曻偝傟偰偄傞偲偒 true丄偦傟埲奜偺偲偒 false丅</value>
        </member>
        <member name="P:SCCISharp.SoundInterfaceManager.InterfaceCount">
            <summary>
愙懕偝傟偰偄傞僀儞僞僼僃乕僗偺憤悢傪庢摼偟傑偡丅
</summary>
            <value>僀儞僞僼僃乕僗偺憤悢傪昞偡 0 埲忋偺悢抣丅</value>
        </member>
        <member name="P:SCCISharp.SoundInterfaceManager.ShownLevelDisplay">
            <summary>
儗儀儖僨傿僗僾儗僀偑昞帵偝傟偰偄傞偐傪昞偡恀婾抣傪庢摼偟傑偡丅
</summary>
            <value>昞帵偝傟偰偄傞偲偒 true丄偦傟埲奜偺偲偒 false丅</value>
        </member>
        <member name="P:SCCISharp.SoundInterfaceManager.Delay">
            <summary>
僨傿儗僀帪娫 (ms) 傪庢摼傑偨偼愝掕偟傑偡丅
</summary>
            <value>僨傿儗僀帪娫傪昞偡 0 埲忋偺悢抣丅</value>
        </member>
        <member name="P:SCCISharp.SoundInterfaceManager.Version">
            <summary>
儅僱乕僕儍偺僶乕僕儑儞傪昞偡悢抣傪庢摼偟傑偡丅
</summary>
            <value>僶乕僕儑儞傪昞偡悢抣丅</value>
        </member>
        <member name="T:SCCISharp.SoundInterfaceManager">
            <summary>
僀儞僞僼僃乕僗傪娗棟偡傞偨傔偺儅僱乕僕儍僋儔僗偱偡丅
</summary>
        </member>
        <member name="P:SCCISharp.SoundChipInfo.SoundLocation">
            <summary>
僠僢僾偺儘働乕僔儑儞傪昞偡 <see cref="T:SCCISharp.SoundLocation" /> 楍嫇懱傪庢摼偟傑偡丅
</summary>
        </member>
        <member name="P:SCCISharp.SoundChipInfo.Slot">
            <summary>
僠僢僾偑愙懕偝傟偰偄傞僗儘僢僩偺 ID 傪庢摼偟傑偡丅
</summary>
        </member>
        <member name="P:SCCISharp.SoundChipInfo.IsUsed">
            <summary>
僠僢僾偑巊梡拞偱偁傞偐傪昞偡恀婾抣傪庢摼偟傑偡丅
</summary>
        </member>
        <member name="P:SCCISharp.SoundChipInfo.CompatibleChipClock">
            <summary>
偙偺僠僢僾偲屳姺惈偺偁傞僠僢僾偺僋儘僢僋廃攇悢 (Hz) 偺儕僗僩傪庢摼偟傑偡丅
</summary>
        </member>
        <member name="P:SCCISharp.SoundChipInfo.Clock">
            <summary>
僠僢僾偺僋儘僢僋廃攇悢 (Hz) 傪庢摼偟傑偡丅
</summary>
        </member>
        <member name="P:SCCISharp.SoundChipInfo.CompatibleChipType">
            <summary>
偙偺僠僢僾偲屳姺惈偺偁傞僠僢僾偺庬椶傪昞偡 <see cref="T:SCCISharp.ChipType" /> 楍嫇懱偺儕僗僩傪庢摼偟傑偡丅
</summary>
        </member>
        <member name="P:SCCISharp.SoundChipInfo.Type">
            <summary>
僠僢僾偺庬椶傪昞偡 <see cref="T:SCCISharp.ChipType" /> 楍嫇懱傪庢摼偟傑偡丅
</summary>
        </member>
        <member name="P:SCCISharp.SoundChipInfo.Name">
            <summary>
僠僢僾偺柤慜傪昞偡暥帤楍傪庢摼偟傑偡丅
</summary>
        </member>
        <member name="T:SCCISharp.SoundChipInfo">
            <summary>
僠僢僾偺忬懺傪奿擺偟偨僋儔僗偱偡丅
</summary>
        </member>
        <member name="P:SCCISharp.InterfaceInfo.SoundChipCount">
            <summary>
僀儞僞僼僃乕僗偵愙懕偝傟偰偄傞僠僢僾偺憤悢傪庢摼偟傑偡丅
</summary>
        </member>
        <member name="P:SCCISharp.InterfaceInfo.Name">
            <summary>
僀儞僞僼僃乕僗偺柤慜傪昞偡暥帤楍傪庢摼偟傑偡丅
</summary>
        </member>
        <member name="T:SCCISharp.InterfaceInfo">
            <summary>
僀儞僞僼僃乕僗偺忬懺傪奿擺偟偨僋儔僗偱偡丅
</summary>
        </member>
        <member name="T:SCCISharp.AcquisitionMode">
            <summary>
僠僢僾偺庢摼曽朄傪昞偡楍嫇懱偱偡丅
</summary>
        </member>
        <member name="F:SCCISharp.AcquisitionMode.Match">
            <summary>
僠僢僾偼巜掕偝傟偨僞僀僾偲僋儘僢僋偵堦抳偡傞傕偺偑慖戰偝傟丄庢摼偝傟傑偡丅
偨偩偟丄僋儘僢僋偼 SetAcquisitionModeClockRange 儊僜僢僪偱巜掕偝傟偨斖埻偺拞偐傜慖戰偝傟傑偡丅
</summary>
        </member>
        <member name="F:SCCISharp.AcquisitionMode.Near">
            <summary>
僠僢僾偼巜掕偝傟偨僞僀僾偲僋儘僢僋偵嵟傕嬤偄傕偺偑慖戰偝傟丄庢摼偝傟傑偡丅
</summary>
        </member>
        <member name="T:SCCISharp.CommunicationMode">
            <summary>
僀儞僞僼僃乕僗偲偺捠怣曽幃傪昞偡楍嫇懱偱偡丅
</summary>
        </member>
        <member name="F:SCCISharp.CommunicationMode.Sync">
            <summary>
捠怣偼摨婜揑偵峴傢傟傑偡丅
</summary>
        </member>
        <member name="F:SCCISharp.CommunicationMode.Async">
            <summary>
捠怣偼旕摨婜揑偵峴傢傟傑偡丅
</summary>
        </member>
        <member name="T:SCCISharp.SoundLocation">
            <summary>
僠僢僾偺儘働乕僔儑儞傪嬫暿偡傞偨傔偺楍嫇懱偱偡丅
</summary>
        </member>
        <member name="F:SCCISharp.SoundLocation.Stereo">
            <summary>
僗僥儗僆丅
</summary>
        </member>
        <member name="F:SCCISharp.SoundLocation.Right">
            <summary>
塃僠儍僱儖丅
</summary>
        </member>
        <member name="F:SCCISharp.SoundLocation.Left">
            <summary>
嵍僠儍僱儖丅
</summary>
        </member>
        <member name="F:SCCISharp.SoundLocation.Mono">
            <summary>
儌僲儔儖丅
</summary>
        </member>
        <member name="T:SCCISharp.ChipType">
            <summary>
僠僢僾偺庬椶傪昞偡楍嫇懱偱偡丅
</summary>
        </member>
    </members>
</doc>